{"cameraMode":{"drawMode":0,"name":"Shaded","section":"Shading Mode"},"sceneLighting":true,"audioPlay":false,"sceneViewState":{"showFog":true,"showMaterialUpdate":false,"showSkybox":true,"showFlares":true,"showImageEffects":true,"showParticleSystems":true,"showVisualEffectGraphs":true,"m_FxEnabled":true},"in2DMode":false,"pivot":{"x":2.305830717086792,"y":-3.9484915733337404,"z":13.741986274719239},"rotation":{"x":0.21272948384284974,"y":0.0959833562374115,"z":-0.020838312804698945,"w":0.9722126722335815},"size":9.530660629272461,"orthographic":false}