{"cameraMode":{"drawMode":0,"name":"Shaded","section":"Shading Mode"},"sceneLighting":true,"audioPlay":false,"sceneViewState":{"showFog":true,"showMaterialUpdate":false,"showSkybox":true,"showFlares":true,"showImageEffects":true,"showParticleSystems":true,"showVisualEffectGraphs":true,"m_FxEnabled":true},"in2DMode":false,"pivot":{"x":-1.7279667854309083,"y":0.37953153252601626,"z":3.866050958633423},"rotation":{"x":-0.2415398359298706,"y":-0.41112256050109866,"z":0.11387263238430023,"w":-0.8716202974319458},"size":1.2247449159622193,"orthographic":false}