{"cameraMode":{"drawMode":0,"name":"Shaded","section":"Shading Mode"},"sceneLighting":true,"audioPlay":false,"sceneViewState":{"showFog":true,"showMaterialUpdate":false,"showSkybox":true,"showFlares":true,"showImageEffects":true,"showParticleSystems":true,"showVisualEffectGraphs":true,"m_FxEnabled":true},"in2DMode":false,"pivot":{"x":0.015019829384982586,"y":-2.6026675701141359,"z":1.0909086465835572},"rotation":{"x":-0.27510160207748415,"y":-0.26579439640045168,"z":0.07943123579025269,"w":-0.9205425977706909},"size":6.296052932739258,"orthographic":false}