{"cameraMode":{"drawMode":0,"name":"Shaded","section":"Shading Mode"},"sceneLighting":true,"audioPlay":false,"sceneViewState":{"showFog":true,"showMaterialUpdate":false,"showSkybox":true,"showFlares":true,"showImageEffects":true,"showParticleSystems":true,"showVisualEffectGraphs":true,"m_FxEnabled":true},"in2DMode":false,"pivot":{"x":19.465925216674806,"y":53.283050537109378,"z":-53.278221130371097},"rotation":{"x":0.23500828444957734,"y":0.09952840954065323,"z":-0.024190343916416169,"w":0.9666107892990112},"size":12.43658447265625,"orthographic":false}