{"cameraMode":{"drawMode":0,"name":"Shaded","section":"Shading Mode"},"sceneLighting":true,"audioPlay":false,"sceneViewState":{"showFog":true,"showMaterialUpdate":false,"showSkybox":true,"showFlares":true,"showImageEffects":true,"showParticleSystems":true,"showVisualEffectGraphs":true,"m_FxEnabled":true},"in2DMode":false,"pivot":{"x":0.17736107110977174,"y":-1.0770550966262818,"z":0.15392012894153596},"rotation":{"x":-0.07806655019521713,"y":-0.9196573495864868,"z":0.23619715869426728,"w":-0.3039534091949463},"size":6.296052932739258,"orthographic":false}