{"cameraMode":{"drawMode":0,"name":"Shaded","section":"Shading Mode"},"sceneLighting":true,"audioPlay":false,"sceneViewState":{"showFog":true,"showMaterialUpdate":false,"showSkybox":true,"showFlares":true,"showImageEffects":true,"showParticleSystems":true,"showVisualEffectGraphs":true,"m_FxEnabled":true},"in2DMode":false,"pivot":{"x":1.5635406970977784,"y":-0.2605701684951782,"z":-0.8233936429023743},"rotation":{"x":-0.16738177835941316,"y":-0.3194846510887146,"z":0.057443875819444659,"w":-0.9309367537498474},"size":6.296052932739258,"orthographic":false}