{"cameraMode":{"drawMode":0,"name":"Shaded","section":"Shading Mode"},"sceneLighting":true,"audioPlay":false,"sceneViewState":{"showFog":true,"showMaterialUpdate":false,"showSkybox":true,"showFlares":true,"showImageEffects":true,"showParticleSystems":true,"showVisualEffectGraphs":true,"m_FxEnabled":true},"in2DMode":false,"pivot":{"x":23.480947494506837,"y":-1.1144293546676636,"z":9.456092834472657},"rotation":{"x":-0.04197356104850769,"y":0.025465257465839387,"z":-0.001077557448297739,"w":-0.9988115429878235},"size":9.979750633239746,"orthographic":false}