{"cameraMode":{"drawMode":0,"name":"Shaded","section":"Shading Mode"},"sceneLighting":true,"audioPlay":false,"sceneViewState":{"showFog":true,"showMaterialUpdate":false,"showSkybox":true,"showFlares":true,"showImageEffects":true,"showParticleSystems":true,"showVisualEffectGraphs":true,"m_FxEnabled":true},"in2DMode":false,"pivot":{"x":-7.218409538269043,"y":-2792.212646484375,"z":2491.168212890625},"rotation":{"x":-0.40941891074180605,"y":0.0015909731155261398,"z":-0.0008057317463681102,"w":-0.9123675227165222},"size":1872.6033935546875,"orthographic":false}