{"cameraMode":{"drawMode":0,"name":"Shaded","section":"Shading Mode"},"sceneLighting":true,"audioPlay":false,"sceneViewState":{"showFog":true,"showMaterialUpdate":false,"showSkybox":true,"showFlares":true,"showImageEffects":true,"showParticleSystems":true,"showVisualEffectGraphs":true,"m_FxEnabled":true},"in2DMode":false,"pivot":{"x":24.61150550842285,"y":-4.009658336639404,"z":9.021781921386719},"rotation":{"x":-0.11524395644664765,"y":-0.002990516135469079,"z":0.00033938558772206306,"w":-0.9933509826660156},"size":9.979750633239746,"orthographic":false}