{"cameraMode":{"drawMode":0,"name":"Shaded","section":"Shading Mode"},"sceneLighting":true,"audioPlay":false,"sceneViewState":{"showFog":true,"showMaterialUpdate":true,"showSkybox":true,"showFlares":true,"showImageEffects":true,"showParticleSystems":true,"showVisualEffectGraphs":true,"m_FxEnabled":true},"in2DMode":false,"pivot":{"x":12.796192169189454,"y":10.378232955932618,"z":-29.458072662353517},"rotation":{"x":0.12551172077655793,"y":-0.30717697739601138,"z":0.04067369922995567,"w":0.9425635933876038},"size":1.2247446775436402,"orthographic":false}